type;T;p;size;result
seq;73.128693;1;100000000;5761455 
seq;73.146984;1;100000000;5761455 
seq;72.915517;1;100000000;5761455
seq;72.558012;1;100000000;5761455
seq;72.524107;1;100000000;5761455
seq;72.611876;1;100000000;5761455 
seq;72.578273;1;100000000;5761455
seq;72.467871;1;100000000;5761455
seq;72.600544;1;100000000;5761455
seq;73.997053;1;100000000;5761455
seq;72.405841;1;100000000;5761455
seq;72.403959;1;100000000;5761455
seq;72.437564;1;100000000;5761455
seq;72.465368;1;100000000;5761455
seq;72.440628;1;100000000;5761455
seq;72.403978;1;100000000;5761455
seq;72.428320;1;100000000;5761455
seq;72.379665;1;100000000;5761455
seq;72.412614;1;100000000;5761455
openmp;40.008658;2;100000000;5761455
openmp;42.283311;2;100000000;5761455
openmp;40.305902;2;100000000;5761455
openmp;40.310150;2;100000000;5761455
openmp;43.751000;2;100000000;5761455
openmp;40.299776;2;100000000;5761455
openmp;41.233309;2;100000000;5761455
openmp;41.625496;2;100000000;5761455
openmp;43.181433;2;100000000;5761455
openmp;41.400355;2;100000000;5761455
openmp;23.632984;4;100000000;5761455
openmp;23.176963;4;100000000;5761455
openmp;23.587084;4;100000000;5761455
openmp;23.427250;4;100000000;5761455
openmp;21.826647;4;100000000;5761455 
openmp;21.770010;4;100000000;5761455 
openmp;23.635593;4;100000000;5761455 
openmp;23.728164;4;100000000;5761455
openmp;23.386311;4;100000000;5761455
openmp;23.707533;4;100000000;5761455 
openmp;14.183248;8;100000000;5761455
openmp;12.177388;8;100000000;5761455
openmp;13.992381;8;100000000;5761455
openmp;13.000930;8;100000000;5761455
openmp;14.128050;8;100000000;5761455
openmp;13.842901;8;100000000;5761455
openmp;13.513867;8;100000000;5761455
openmp;14.015898;8;100000000;5761455
openmp;14.150249;8;100000000;5761455
openmp;13.876833;8;100000000;5761455
openmp;11.038628;16;100000000;5761455 
openmp;10.468766;16;100000000;5761455 
openmp;10.930618;16;100000000;5761455
openmp;10.769668;16;100000000;5761455
openmp;10.998419;16;100000000;5761455
openmp;10.797719;16;100000000;5761455
openmp;10.747042;16;100000000;5761455
openmp;9.667714;16;100000000;5761455
openmp;9.632982;16;100000000;5761455
openmp;8.847957;16;100000000;5761455  
mpi;43.081566;2;100000000;5761455
mpi;42.595040;2;100000000;5761455
mpi;40.672658;2;100000000;5761455
mpi;45.392396;2;100000000;5761455
mpi;44.148143;2;100000000;5761455
mpi;41.549347;2;100000000;5761455
mpi;43.776128;2;100000000;5761455
mpi;42.097729;2;100000000;5761455
mpi;36.753706;2;100000000;5761455
mpi;36.746874;2;100000000;5761455
mpi;22.613439;4;100000000;5761455
mpi;22.912273;4;100000000;5761455
mpi;22.775917;4;100000000;5761455
mpi;22.777212;4;100000000;5761455
mpi;22.806448;4;100000000;5761455
mpi;22.039501;4;100000000;5761455
mpi;22.759639;4;100000000;5761455
mpi;22.729844;4;100000000;5761455
mpi;22.525991;4;100000000;5761455
mpi;22.618849;4;100000000;5761455
mpi;11.821040;8;100000000;5761455
mpi;11.487200;8;100000000;5761455
mpi;12.102844;8;100000000;5761455
mpi;12.003180;8;100000000;5761455
mpi;11.664075;8;100000000;5761455
mpi;11.593584;8;100000000;5761455
mpi;12.008786;8;100000000;5761455
mpi;11.479943;8;100000000;5761455
mpi;11.653391;8;100000000;5761455
mpi;11.500177;8;100000000;5761455
mpi;6.057528;16;100000000;5761455
mpi;6.497656;16;100000000;5761455
mpi;6.325919;16;100000000;5761455
mpi;6.218265;16;100000000;5761455
mpi;6.650958;16;100000000;5761455
mpi;6.714985;16;100000000;5761455
mpi;6.288880;16;100000000;5761455
mpi;6.659108;16;100000000;5761455
mpi;6.749281;16;100000000;5761455
mpi;6.397130;16;100000000;5761455
hybrid;42.762949;2;100000000;5761455
hybrid;46.266571;2;100000000;5761455
hybrid;45.605040;2;100000000;5761455
hybrid;44.918255;2;100000000;5761455
hybrid;47.647249;2;100000000;5761455
hybrid;47.669246;2;100000000;5761455
hybrid;47.372441;2;100000000;5761455
hybrid;47.698417;2;100000000;5761455
hybrid;47.286867;2;100000000;5761455
hybrid;46.292352;2;100000000;5761455
hybrid;12.374756;4;100000000;5761455
hybrid;12.634680;4;100000000;5761455
hybrid;12.096542;4;100000000;5761455
hybrid;11.711095;4;100000000;5761455
hybrid;12.294091;4;100000000;5761455
hybrid;11.800448;4;100000000;5761455
hybrid;12.182668;4;100000000;5761455
hybrid;11.800541;4;100000000;5761455
hybrid;12.114222;4;100000000;5761455
hybrid;12.036040;4;100000000;5761455
hybrid;6.708827;8;100000000;5761455
hybrid;6.584005;8;100000000;5761455
hybrid;6.438340;8;100000000;5761455
hybrid;6.829219;8;100000000;5761455
hybrid;6.880724;8;100000000;5761455
hybrid;6.842265;8;100000000;5761455
hybrid;6.872777;8;100000000;5761455
hybrid;6.608290;8;100000000;5761455
hybrid;6.744252;8;100000000;5761455
hybrid;6.675217;8;100000000;5761455
hybrid;4.366075;16;100000000;5761455
hybrid;3.958344;16;100000000;5761455
hybrid;4.024343;16;100000000;5761455
hybrid;4.243621;16;100000000;5761455
hybrid;3.695422;16;100000000;5761455
hybrid;4.031477;16;100000000;5761455
hybrid;4.211132;16;100000000;5761455
hybrid;4.102653;16;100000000;5761455
hybrid;4.054013;16;100000000;5761455
hybrid;4.056045;16;100000000;5761455
openmp;27.260211;3;100000000;5761455
openmp;31.413649;3;100000000;5761455
openmp;28.918227;3;100000000;5761455
openmp;30.112815;3;100000000;5761455
openmp;30.325318;3;100000000;5761455
openmp;28.831884;3;100000000;5761455
openmp;30.445578;3;100000000;5761455
openmp;31.641575;3;100000000;5761455
openmp;29.348943;3;100000000;5761455
openmp;28.314523;3;100000000;5761455
openmp;30.878675;3;100000000;5761455
openmp;29.913487;3;100000000;5761455
openmp;30.859060;3;100000000;5761455
openmp;30.322286;3;100000000;5761455
mpi;30.487414;3;100000000;5761455
mpi;31.024818;3;100000000;5761455
mpi;31.074233;3;100000000;5761455
mpi;25.880808;3;100000000;5761455
mpi;29.363341;3;100000000;5761455
mpi;29.516752;3;100000000;5761455
mpi;30.087193;3;100000000;5761455
mpi;30.197490;3;100000000;5761455
mpi;27.888053;3;100000000;5761455
mpi;27.794482;3;100000000;5761455
hybrid;16.184141;3;100000000;5761455
hybrid;15.715624;3;100000000;5761455
hybrid;15.774821;3;100000000;5761455
hybrid;16.190433;3;100000000;5761455
hybrid;16.302435;3;100000000;5761455
hybrid;16.080006;3;100000000;5761455
hybrid;16.724123;3;100000000;5761455
hybrid;16.037073;3;100000000;5761455
hybrid;16.187260;3;100000000;5761455
hybrid;16.176581;3;100000000;5761455
openmp;19.041402;5;100000000;5761455
openmp;18.894092;5;100000000;5761455
openmp;19.779115;5;100000000;5761455
openmp;19.858713;5;100000000;5761455
openmp;18.816094;5;100000000;5761455
openmp;18.709427;5;100000000;5761455
openmp;19.698112;5;100000000;5761455
openmp;20.083307;5;100000000;5761455
openmp;19.161273;5;100000000;5761455
openmp;19.657171;5;100000000;5761455
mpi;17.846727;5;100000000;5761455
mpi;18.062837;5;100000000;5761455
mpi;18.005950;5;100000000;5761455
mpi;18.001216;5;100000000;5761455
mpi;17.920085;5;100000000;5761455
mpi;18.147613;5;100000000;5761455
mpi;17.838013;5;100000000;5761455
mpi;18.234364;5;100000000;5761455
mpi;17.863388;5;100000000;5761455
mpi;18.060424;5;100000000;5761455
hybrid;9.912420;5;100000000;5761455
hybrid;9.846991;5;100000000;5761455
hybrid;9.752325;5;100000000;5761455
hybrid;9.774656;5;100000000;5761455
hybrid;10.164639;5;100000000;5761455
hybrid;10.522520;5;100000000;5761455
hybrid;9.846456;5;100000000;5761455
hybrid;9.685474;5;100000000;5761455
hybrid;10.632946;5;100000000;5761455
hybrid;10.792323;5;100000000;5761455
openmp;16.864415;6;100000000;5761455
openmp;17.585279;6;100000000;5761455
openmp;16.852677;6;100000000;5761455
openmp;16.945572;6;100000000;5761455
openmp;17.112259;6;100000000;5761455
openmp;16.404498;6;100000000;5761455
openmp;17.503294;6;100000000;5761455
openmp;17.285056;6;100000000;5761455
openmp;17.742743;6;100000000;5761455
openmp;17.422804;6;100000000;5761455
mpi;15.387782;6;100000000;5761455
mpi;15.081730;6;100000000;5761455
mpi;16.037508;6;100000000;5761455
mpi;15.399059;6;100000000;5761455
mpi;15.293744;6;100000000;5761455
mpi;15.340592;6;100000000;5761455
mpi;15.321865;6;100000000;5761455
mpi;15.803143;6;100000000;5761455
mpi;16.051113;6;100000000;5761455
mpi;15.973201;6;100000000;5761455
hybrid;8.940174;6;100000000;5761455
hybrid;8.597279;6;100000000;5761455
hybrid;8.795441;6;100000000;5761455
hybrid;8.793347;6;100000000;5761455
hybrid;8.749958;6;100000000;5761455
hybrid;8.824833;6;100000000;5761455
hybrid;8.612638;6;100000000;5761455
hybrid;8.864952;6;100000000;5761455
hybrid;8.610711;6;100000000;5761455
hybrid;8.195771;6;100000000;5761455
openmp;15.713422;7;100000000;5761455
openmp;15.641821;7;100000000;5761455
openmp;16.260713;7;100000000;5761455
openmp;14.465969;7;100000000;5761455
openmp;13.791237;7;100000000;5761455
openmp;15.420944;7;100000000;5761455
openmp;14.592292;7;100000000;5761455
openmp;15.180455;7;100000000;5761455
openmp;15.540929;7;100000000;5761455
openmp;13.228338;7;100000000;5761455
mpi;13.027734;7;100000000;5761455
mpi;13.035337;7;100000000;5761455
mpi;13.029686;7;100000000;5761455
mpi;13.019798;7;100000000;5761455
mpi;12.936471;7;100000000;5761455
mpi;13.131194;7;100000000;5761455
mpi;13.505568;7;100000000;5761455
mpi;13.432959;7;100000000;5761455
mpi;13.096516;7;100000000;5761455
mpi;13.077042;7;100000000;5761455
hybrid;7.474846;7;100000000;5761455
hybrid;7.406621;7;100000000;5761455
hybrid;7.838415;7;100000000;5761455
hybrid;7.543874;7;100000000;5761455
hybrid;7.599594;7;100000000;5761455
hybrid;7.645210;7;100000000;5761455
hybrid;7.548409;7;100000000;5761455
hybrid;7.763324;7;100000000;5761455
hybrid;7.431715;7;100000000;5761455
hybrid;7.768286;7;100000000;5761455
openmp;13.479507;9;100000000;5761455
openmp;13.216721;9;100000000;5761455
openmp;13.698637;9;100000000;5761455
openmp;13.639998;9;100000000;5761455
openmp;13.666112;9;100000000;5761455
openmp;13.727671;9;100000000;5761455
openmp;13.680985;9;100000000;5761455
openmp;13.271972;9;100000000;5761455
openmp;13.494881;9;100000000;5761455
openmp;12.116692;9;100000000;5761455
mpi;10.984739;9;100000000;5761455
mpi;10.448543;9;100000000;5761455
mpi;10.766000;9;100000000;5761455
mpi;10.344511;9;100000000;5761455
mpi;10.158510;9;100000000;5761455
mpi;10.292086;9;100000000;5761455
mpi;10.257993;9;100000000;5761455
mpi;10.738460;9;100000000;5761455
mpi;10.440569;9;100000000;5761455
mpi;10.187743;9;100000000;5761455
hybrid;6.164363;9;100000000;5761455
hybrid;6.178670;9;100000000;5761455
hybrid;5.911356;9;100000000;5761455
hybrid;5.890523;9;100000000;5761455
hybrid;6.112351;9;100000000;5761455
hybrid;5.886503;9;100000000;5761455
hybrid;6.132048;9;100000000;5761455
hybrid;5.903695;9;100000000;5761455
hybrid;6.164766;9;100000000;5761455
hybrid;6.186384;9;100000000;5761455
openmp;12.568341;10;100000000;5761455
openmp;12.695640;10;100000000;5761455
openmp;12.775239;10;100000000;5761455
openmp;12.876946;10;100000000;5761455
openmp;11.449833;10;100000000;5761455
openmp;11.523351;10;100000000;5761455
openmp;12.507341;10;100000000;5761455
openmp;12.541025;10;100000000;5761455
openmp;12.590061;10;100000000;5761455
openmp;12.710004;10;100000000;5761455
mpi;9.726762;10;100000000;5761455
mpi;9.160248;10;100000000;5761455
mpi;9.208539;10;100000000;5761455
mpi;9.407538;10;100000000;5761455
mpi;9.274748;10;100000000;5761455
mpi;9.200180;10;100000000;5761455
mpi;9.708943;10;100000000;5761455
mpi;9.126191;10;100000000;5761455
mpi;9.295004;10;100000000;5761455
mpi;9.620371;10;100000000;5761455
hybrid;5.365205;10;100000000;5761455
hybrid;5.466958;10;100000000;5761455
hybrid;5.734346;10;100000000;5761455
hybrid;5.683542;10;100000000;5761455
hybrid;5.404590;10;100000000;5761455
hybrid;5.375273;10;100000000;5761455
hybrid;5.593291;10;100000000;5761455
hybrid;5.386284;10;100000000;5761455
hybrid;5.384767;10;100000000;5761455
hybrid;5.322901;10;100000000;5761455
openmp;12.299769;11;100000000;5761455
openmp;11.841812;11;100000000;5761455
openmp;10.950734;11;100000000;5761455
openmp;12.146154;11;100000000;5761455
openmp;12.235377;11;100000000;5761455
openmp;12.345981;11;100000000;5761455
openmp;11.965511;11;100000000;5761455
openmp;10.212131;11;100000000;5761455
openmp;12.432941;11;100000000;5761455
openmp;12.097006;11;100000000;5761455
mpi;8.901403;11;100000000;5761455
mpi;8.862128;11;100000000;5761455
mpi;9.269187;11;100000000;5761455
mpi;9.013729;11;100000000;5761455
mpi;9.553121;11;100000000;5761455
mpi;8.532759;11;100000000;5761455
mpi;8.580390;11;100000000;5761455
mpi;8.563317;11;100000000;5761455
mpi;9.081539;11;100000000;5761455
mpi;9.098358;11;100000000;5761455
hybrid;5.168999;11;100000000;5761455
hybrid;5.144147;11;100000000;5761455
hybrid;5.316928;11;100000000;5761455
hybrid;5.315923;11;100000000;5761455
hybrid;5.320102;11;100000000;5761455
hybrid;5.090564;11;100000000;5761455
hybrid;5.335064;11;100000000;5761455
hybrid;5.227198;11;100000000;5761455
hybrid;5.281087;11;100000000;5761455
hybrid;5.364468;11;100000000;5761455
openmp;11.650645;12;100000000;5761455
openmp;10.720991;12;100000000;5761455
openmp;11.613093;12;100000000;5761455
openmp;11.940232;12;100000000;5761455
openmp;10.582295;12;100000000;5761455
openmp;11.587671;12;100000000;5761455
openmp;9.754698;12;100000000;5761455
openmp;11.683775;12;100000000;5761455
openmp;11.649614;12;100000000;5761455
mpi;8.049264;12;100000000;5761455
mpi;8.110143;12;100000000;5761455
mpi;8.127396;12;100000000;5761455
mpi;8.435431;12;100000000;5761455
mpi;8.813474;12;100000000;5761455
mpi;7.882657;12;100000000;5761455
mpi;8.229693;12;100000000;5761455
mpi;8.377666;12;100000000;5761455
mpi;7.763797;12;100000000;5761455
mpi;8.227931;12;100000000;5761455
hybrid;4.725356;12;100000000;5761455
hybrid;4.929937;12;100000000;5761455
hybrid;4.944590;12;100000000;5761455
hybrid;4.671822;12;100000000;5761455
hybrid;4.841884;12;100000000;5761455
hybrid;4.723518;12;100000000;5761455
hybrid;4.885909;12;100000000;5761455
hybrid;4.887388;12;100000000;5761455
hybrid;4.819582;12;100000000;5761455
hybrid;4.689902;12;100000000;5761455
openmp;11.383761;13;100000000;5761455
openmp;11.683099;13;100000000;5761455
openmp;10.352599;13;100000000;5761455
openmp;11.514517;13;100000000;5761455
openmp;11.484418;13;100000000;5761455
openmp;11.232453;13;100000000;5761455
openmp;11.529155;13;100000000;5761455
openmp;11.197658;13;100000000;5761455
openmp;11.447594;13;100000000;5761455
openmp;11.264090;13;100000000;5761455
mpi;7.311441;13;100000000;5761455
mpi;7.995525;13;100000000;5761455
mpi;7.177007;13;100000000;5761455
mpi;7.511047;13;100000000;5761455
mpi;7.450133;13;100000000;5761455
mpi;7.400179;13;100000000;5761455
mpi;7.853565;13;100000000;5761455
mpi;7.795904;13;100000000;5761455
mpi;8.075077;13;100000000;5761455
mpi;8.244095;13;100000000;5761455
hybrid;4.618906;13;100000000;5761455
hybrid;4.419795;13;100000000;5761455
hybrid;4.449795;13;100000000;5761455
hybrid;4.972402;13;100000000;5761455
hybrid;4.565324;13;100000000;5761455
hybrid;4.378928;13;100000000;5761455
hybrid;4.633976;13;100000000;5761455
hybrid;4.903361;13;100000000;5761455
hybrid;4.406255;13;100000000;5761455
hybrid;4.564723;13;100000000;5761455
openmp;9.108507;14;100000000;5761455
openmp;11.078507;14;100000000;5761455
openmp;10.145194;14;100000000;5761455
openmp;9.127436;14;100000000;5761455
openmp;9.271427;14;100000000;5761455
openmp;10.646632;14;100000000;5761455
openmp;11.177157;14;100000000;5761455
openmp;10.097902;14;100000000;5761455
openmp;11.116151;14;100000000;5761455
openmp;9.820027;14;100000000;5761455
mpi;7.044645;14;100000000;5761455
mpi;7.365429;14;100000000;5761455
mpi;6.939178;14;100000000;5761455
mpi;7.623607;14;100000000;5761455
mpi;7.116625;14;100000000;5761455
mpi;6.726539;14;100000000;5761455
mpi;7.595717;14;100000000;5761455
mpi;7.087935;14;100000000;5761455
mpi;7.020732;14;100000000;5761455
mpi;7.385257;14;100000000;5761455
hybrid;4.063362;14;100000000;5761455
hybrid;4.268043;14;100000000;5761455
hybrid;4.098375;14;100000000;5761455
hybrid;4.525375;14;100000000;5761455
hybrid;4.583060;14;100000000;5761455
hybrid;4.141772;14;100000000;5761455
hybrid;4.207596;14;100000000;5761455
hybrid;4.597917;14;100000000;5761455
hybrid;4.254863;14;100000000;5761455
hybrid;4.296011;14;100000000;5761455
openmp;10.262277;15;100000000;5761455
openmp;10.791756;15;100000000;5761455
openmp;10.414090;15;100000000;5761455
openmp;10.909669;15;100000000;5761455
openmp;11.014623;15;100000000;5761455
openmp;11.050841;15;100000000;5761455
openmp;9.590617;15;100000000;5761455
openmp;11.184571;15;100000000;5761455
openmp;9.921816;15;100000000;5761455
openmp;10.786579;15;100000000;5761455
mpi;6.617141;15;100000000;5761455
mpi;6.785969;15;100000000;5761455
mpi;6.713328;15;100000000;5761455
mpi;7.154616;15;100000000;5761455
mpi;6.676033;15;100000000;5761455
mpi;6.736359;15;100000000;5761455
mpi;7.155457;15;100000000;5761455
mpi;7.252636;15;100000000;5761455
mpi;6.729855;15;100000000;5761455
mpi;6.771264;15;100000000;5761455
hybrid;4.373064;15;100000000;5761455
hybrid;4.374981;15;100000000;5761455
hybrid;4.333699;15;100000000;5761455
hybrid;4.129404;15;100000000;5761455
hybrid;4.666238;15;100000000;5761455
hybrid;3.965817;15;100000000;5761455
hybrid;3.984579;15;100000000;5761455
hybrid;4.259828;15;100000000;5761455
hybrid;4.362538;15;100000000;5761455
hybrid;4.329021;15;100000000;5761455